Timestamp,Grade,CanteenVisit,EatFreq,TimeOfDay,GroupSize,AvgSpend,FoodCat,MainReason,FoodQuality,FoodPrice,Cleanliness,QueueSys,QueueTime,Ambience,SeatComfort,AirCirc,OutOfStock,CantHours
15/05/2025 14:46,B27,Beberapa kali dalam satu minggu,3,Siang,4,Rp 26.000 - Rp 30.000,Bakmie,Rasa makanan,5,4,4,4,4,4,4,4,5,3
15/05/2025 14:47,B26,Jarang atau tidak pernah,2,Siang,2,> Rp 30.000,Makanan berbasis nasi,Variasi makanan,4,4,4,4,4,4,4,5,2,3
15/05/2025 14:50,B27,Beberapa kali dalam satu minggu,3,Siang,4,Rp 26.000 - Rp 30.000,Makanan berbasis nasi,Variasi makanan,4,3,5,2,3,4,4,4,3,2
15/05/2025 14:52,B27,Beberapa kali dalam satu minggu,1,Siang,4,Rp 21.000 - Rp 25.000,Makanan berbasis nasi,Rasa makanan,4,4,4,2,3,4,4,3,2,4
15/05/2025 14:55,B27,Jarang atau tidak pernah,1,Siang,2,Rp 21.000 - Rp 25.000,Makanan berbasis nasi,Rasa makanan,4,3,3,2,3,3,5,1,1,5
15/05/2025 14:56,B27,Beberapa kali dalam satu minggu,3,Siang,3,Rp 21.000 - Rp 25.000,Makanan berbasis nasi,Fasilitas,4,4,4,3,3,4,5,2,1,5
15/05/2025 14:57,B27,Beberapa kali dalam sehari,4,Pagi,4,> Rp 30.000,Makanan berbasis nasi,Lokasi,4,3,4,4,4,3,4,2,2,5
15/05/2025 14:58,B27,Sehari sekali,3,Siang,2,> Rp 30.000,Makanan berbasis mie/kwetiau/bihun/dsb.,Lokasi,4,4,4,4,3,4,4,4,2,4
15/05/2025 14:59,B27,Beberapa kali dalam sehari,5,Siang,3,Rp 21.000 - Rp 25.000,Makanan berbasis nasi,Fasilitas,5,5,5,3,4,5,5,5,4,5
15/05/2025 15:01,B26,Beberapa kali dalam satu minggu,3,Siang,4,Rp 21.000 - Rp 25.000,Makanan berbasis nasi,Rasa makanan,4,4,1,3,3,1,1,1,2,4
15/05/2025 15:05,B27,Jarang atau tidak pernah,1,Siang,1,Rp 21.000 - Rp 25.000,Makanan berbasis nasi,Variasi makanan,4,3,5,5,4,5,5,4,1,4
15/05/2025 15:05,B27,Jarang atau tidak pernah,0,Siang,2,Rp 21.000 - Rp 25.000,Makanan berbasis nasi,Lokasi,5,3,5,5,5,5,5,3,4,5
15/05/2025 15:05,B27,Sehari sekali,2,Pagi,2,Rp 21.000 - Rp 25.000,Makanan berbasis nasi,Rasa makanan,4,2,2,3,4,3,1,4,3,5
15/05/2025 15:07,B27,Beberapa kali dalam satu minggu,3,Siang,2,Rp 16.000 - Rp 20.000,Makanan berbasis nasi,Fasilitas,3,3,3,3,3,3,3,3,3,3
15/05/2025 15:10,B27,Beberapa kali dalam satu minggu,2,Siang,1,Rp 26.000 - Rp 30.000,Makanan berbasis mie/kwetiau/bihun/dsb.,Lokasi,4,4,4,4,3,4,4,3,2,4
15/05/2025 15:19,B27,Beberapa kali dalam satu minggu,2,Siang,2,Rp 21.000 - Rp 25.000,Makanan berbasis nasi,Lokasi,4,4,4,3,3,4,4,5,2,4
15/05/2025 15:23,B27,Beberapa kali dalam satu minggu,3,Siang,1,Rp 21.000 - Rp 25.000,Makanan berbasis nasi,Rasa makanan,4,2,4,2,2,4,4,4,2,4
15/05/2025 15:27,B27,Sehari sekali,3,Siang,2,Rp 26.000 - Rp 30.000,Makanan berbasis nasi,Lokasi,3,2,1,2,3,2,1,3,1,4
15/05/2025 15:30,B27,Beberapa kali dalam satu minggu,2,Siang,3,Rp 26.000 - Rp 30.000,Makanan berbasis nasi,Rasa makanan,5,4,5,3,3,3,4,2,1,5
15/05/2025 15:40,B27,Beberapa kali dalam satu minggu,2,Siang,3,Rp 21.000 - Rp 25.000,Makanan berbasis nasi,Lokasi,4,4,5,5,5,4,4,4,2,5
15/05/2025 16:00,B28,Beberapa kali dalam satu minggu,3,Pagi,4,Rp 21.000 - Rp 25.000,Makanan berbasis mie/kwetiau/bihun/dsb.,Lokasi,4,4,5,3,3,2,3,4,1,5
15/05/2025 16:23,B27,Jarang atau tidak pernah,1,Siang,3,Rp 21.000 - Rp 25.000,Makanan berbasis mie/kwetiau/bihun/dsb.,Rasa makanan,4,4,4,5,5,5,4,1,3,4
15/05/2025 16:40,B27,Beberapa kali dalam satu minggu,3,Siang,3,Rp 21.000 - Rp 25.000,Makanan berbasis nasi,Lokasi,4,5,5,5,5,5,5,5,5,4
15/05/2025 16:43,B27,Beberapa kali dalam satu minggu,3,Siang,3,Rp 21.000 - Rp 25.000,Makanan berbasis nasi,Lokasi,4,2,5,2,3,5,5,4,2,4
15/05/2025 17:14,B27,Beberapa kali dalam satu minggu,3,Siang,4,Rp 26.000 - Rp 30.000,Makanan berbasis nasi,Variasi makanan,5,5,5,5,5,5,5,5,5,5
15/05/2025 19:17,B27,Jarang atau tidak pernah,1,Siang,2,Rp 21.000 - Rp 25.000,Makanan berbasis nasi,Rasa makanan,3,3,3,3,3,3,3,3,3,3
15/05/2025 20:17,B27,Beberapa kali dalam satu minggu,3,Siang,5,Rp 21.000 - Rp 25.000,Makanan berbasis nasi,Lokasi,4,4,5,3,3,3,4,4,1,4
16/05/2025 05:43,B27,Jarang atau tidak pernah,0,Siang,4,Rp 21.000 - Rp 25.000,Makanan berbasis nasi,kalo kepepet,4,3,4,3,2,4,4,4,1,3
16/05/2025 10:26,B27,Sehari sekali,3,Siang,4,Rp 21.000 - Rp 25.000,Makanan berbasis nasi,Lokasi,5,4,5,4,4,3,3,3,1,5
16/05/2025 22:18,B27,Beberapa kali dalam satu minggu,3,Siang,3,Rp 26.000 - Rp 30.000,Makanan berbasis nasi,Variasi makanan,4,4,4,4,4,4,4,4,4,4
16/05/2025 22:19,B27,Jarang atau tidak pernah,1,Siang,3,Rp 21.000 - Rp 25.000,Makanan berbasis nasi,Fasilitas,5,5,5,5,3,5,5,4,1,5
16/05/2025 22:48,B26,Beberapa kali dalam satu minggu,1,Siang,4,Rp 21.000 - Rp 25.000,Makanan berbasis mie/kwetiau/bihun/dsb.,Variasi makanan,4,4,5,4,4,4,3,4,4,4
16/05/2025 22:53,B27,Beberapa kali dalam satu minggu,3,Siang,4,Rp 21.000 - Rp 25.000,Makanan berbasis nasi,Lokasi,4,4,5,4,3,4,5,2,2,5
17/05/2025 12:26,B27,Jarang atau tidak pernah,1,Siang,4,Rp 26.000 - Rp 30.000,Makanan berbasis nasi,Lokasi,4,3,4,2,3,4,3,4,4,3
17/05/2025 12:26,B27,Sehari sekali,3,Siang,3,> Rp 30.000,Makanan berbasis nasi,Variasi makanan,4,3,3,3,1,2,3,2,2,4
17/05/2025 12:26,B27,Jarang atau tidak pernah,0,Siang,4,≤ Rp 15.000,Cemilan ringan,Lokasi,5,4,2,5,5,5,4,5,1,5
17/05/2025 12:26,B27,Beberapa kali dalam satu minggu,2,Siang,4,> Rp 30.000,Makanan berbasis nasi,Variasi makanan,4,3,4,3,3,3,3,4,3,3
18/05/2025 20:59,B27,Beberapa kali dalam satu minggu,3,Sore,1,Rp 21.000 - Rp 25.000,Makanan berbasis nasi,Lokasi,3,3,3,3,3,3,3,3,3,3
18/05/2025 22:55,B27,Beberapa kali dalam satu minggu,4,Siang,4,Rp 21.000 - Rp 25.000,Makanan berbasis nasi,Lokasi,4,3,4,3,2,4,3,4,1,4
18/05/2025 23:58,B28,Beberapa kali dalam satu minggu,2,Siang,2,Rp 26.000 - Rp 30.000,Makanan cepat saji,Variasi makanan,4,4,4,3,2,4,4,3,3,3
19/05/2025 11:59,B27,Beberapa kali dalam satu minggu,2,Siang,4,Rp 26.000 - Rp 30.000,Makanan berbasis mie/kwetiau/bihun/dsb.,Lokasi,4,4,4,3,3,4,4,4,2,4
19/05/2025 12:05,B27,Beberapa kali dalam satu minggu,2,Siang,3,Rp 26.000 - Rp 30.000,Makanan berbasis nasi,Lokasi,4,4,5,5,5,5,5,4,2,5
19/05/2025 12:37,B27,Beberapa kali dalam satu minggu,4,Sore,2,Rp 21.000 - Rp 25.000,Makanan berbasis nasi,Lokasi,4,4,4,4,4,5,4,4,1,5
19/05/2025 13:09,B27,Beberapa kali dalam satu minggu,3,Siang,2,Rp 21.000 - Rp 25.000,Makanan berbasis nasi,Variasi makanan,4,4,3,4,5,3,5,3,3,4
20/05/2025 10:50,B27,Beberapa kali dalam satu minggu,4,Siang,3,Rp 26.000 - Rp 30.000,Makanan berbasis nasi,Lokasi,4,4,4,4,4,5,5,1,2,5
20/05/2025 10:51,B27,Sehari sekali,1,Siang,3,Rp 26.000 - Rp 30.000,Makanan berbasis nasi,Fasilitas,4,5,5,4,3,4,4,4,3,4
20/05/2025 11:18,B27,Beberapa kali dalam sehari,4,Siang,3,Rp 21.000 - Rp 25.000,Makanan berbasis nasi,Lokasi,5,5,5,3,3,5,5,4,1,4
20/05/2025 12:18,B27,Jarang atau tidak pernah,1,Siang,1,Rp 26.000 - Rp 30.000,Makanan berbasis nasi,Rasa makanan,5,4,5,5,5,5,5,5,3,5
20/05/2025 13:24,B27,Jarang atau tidak pernah,0,Siang,4,Rp 21.000 - Rp 25.000,Makanan berbasis nasi,Lokasi,3,2,4,3,3,4,4,4,1,4
20/05/2025 13:43,B27,Beberapa kali dalam satu minggu,2,Siang,2,Rp 21.000 - Rp 25.000,Makanan berbasis nasi,Lokasi,4,4,3,2,3,5,5,4,2,5
20/05/2025 13:45,B27,Beberapa kali dalam satu minggu,3,Siang,3,Rp 21.000 - Rp 25.000,Makanan berbasis nasi,Lokasi,4,4,4,3,3,3,3,3,2,3
20/05/2025 17:59,B27,Beberapa kali dalam satu minggu,2,Siang,3,Rp 21.000 - Rp 25.000,Cemilan ringan,Variasi makanan,5,5,5,3,3,5,5,2,4,5
20/05/2025 21:51,B27,Beberapa kali dalam satu minggu,3,Siang,3,Rp 21.000 - Rp 25.000,Makanan berbasis nasi,Lokasi,4,3,5,4,2,5,5,5,1,3
21/05/2025 23:37,B27,Beberapa kali dalam satu minggu,3,Siang,5,Rp 26.000 - Rp 30.000,Makanan berbasis nasi,Lokasi,3,4,3,2,3,3,3,3,2,4
22/05/2025 12:12,B26,Sehari sekali,3,Siang,2,Rp 21.000 - Rp 25.000,Makanan berbasis mie/kwetiau/bihun/dsb.,Lokasi,4,4,2,3,3,3,2,1,3,3
22/05/2025 21:29,B27,Beberapa kali dalam satu minggu,3,Pagi,3,Rp 16.000 - Rp 20.000,Makanan berbasis nasi,Lokasi,3,4,3,3,4,4,3,4,4,4
23/05/2025 10:10,B27,Sehari sekali,2,Siang,4,Rp 21.000 - Rp 25.000,Makanan berbasis nasi,Lokasi,4,4,5,3,4,5,4,5,5,4
23/05/2025 16:56,B26,Beberapa kali dalam sehari,4,Sore,3,Rp 21.000 - Rp 25.000,Makanan berbasis nasi,Fasilitas,4,3,4,3,4,4,4,1,3,4
23/05/2025 17:24,B27,Beberapa kali dalam satu minggu,3,Siang,3,> Rp 30.000,Makanan berbasis nasi,Lokasi,4,2,4,4,2,5,4,3,2,5
26/05/2025 00:08,B27,Jarang atau tidak pernah,1,Siang,5,Rp 21.000 - Rp 25.000,Makanan berbasis nasi,Fasilitas,4,3,4,3,3,4,5,3,1,5
26/05/2025 00:40,B27,Sehari sekali,3,Siang,5,Rp 16.000 - Rp 20.000,Makanan berbasis nasi,Rasa makanan,4,4,4,4,4,3,4,4,3,3
27/05/2025 15:30,B27,Beberapa kali dalam sehari,5,Siang,4,Rp 21.000 - Rp 25.000,Makanan cepat saji,Variasi makanan,4,4,3,4,4,4,3,3,4,2
27/05/2025 15:30,B27,Beberapa kali dalam satu minggu,3,Sore,1,Rp 21.000 - Rp 25.000,Makanan berbasis nasi,Lokasi,4,3,4,3,2,3,4,3,4,4
27/05/2025 15:31,B27,Beberapa kali dalam satu minggu,4,Sore,3,Rp 26.000 - Rp 30.000,Makanan cepat saji,Variasi makanan,4,4,4,4,4,4,4,4,4,4
27/05/2025 15:32,B27,Sehari sekali,4,Pagi,4,Rp 26.000 - Rp 30.000,Makanan berbasis nasi,Variasi makanan,1,4,5,4,3,4,4,3,4,4
27/05/2025 15:33,B27,Beberapa kali dalam sehari,6,Pagi,6,Rp 21.000 - Rp 25.000,Makanan cepat saji,Rasa makanan,3,3,3,3,3,3,3,3,3,3
27/05/2025 15:34,B27,Beberapa kali dalam sehari,3,Pagi,1,≤ Rp 15.000,Minuman,Lokasi,3,3,3,3,3,3,4,4,4,3
27/05/2025 15:36,B27,Beberapa kali dalam satu minggu,3,Siang,2,Rp 16.000 - Rp 20.000,Makanan berbasis mie/kwetiau/bihun/dsb.,Fasilitas,1,3,3,4,4,3,3,2,3,3
27/05/2025 15:36,B27,Beberapa kali dalam satu minggu,3,Siang,4,Rp 26.000 - Rp 30.000,Makanan berbasis mie/kwetiau/bihun/dsb.,Variasi makanan,4,4,4,4,4,4,4,4,4,4
27/05/2025 15:37,B27,Jarang atau tidak pernah,0,Siang,2,Rp 21.000 - Rp 25.000,Makanan berbasis nasi,Variasi makanan,4,4,3,3,4,3,4,4,3,3
27/05/2025 15:38,B27,Beberapa kali dalam satu minggu,2,Sore,3,Rp 21.000 - Rp 25.000,Makanan cepat saji,Variasi makanan,3,4,4,4,2,3,3,4,3,4
27/05/2025 15:39,B27,Beberapa kali dalam satu minggu,3,Siang,4,Rp 26.000 - Rp 30.000,Makanan berbasis nasi,Lokasi,3,4,2,3,3,2,4,3,3,4
27/05/2025 15:40,B27,Beberapa kali dalam sehari,4,Siang,4,Rp 26.000 - Rp 30.000,Makanan berbasis mie/kwetiau/bihun/dsb.,Rasa makanan,4,4,4,4,4,4,4,4,4,4
27/05/2025 15:41,B28,Sehari sekali,2,Sore,1,Rp 21.000 - Rp 25.000,Makanan berbasis nasi,Lokasi,3,3,3,5,4,4,3,3,4,4
27/05/2025 15:42,B27,Sehari sekali,2,Sore,4,Rp 21.000 - Rp 25.000,Makanan berbasis mie/kwetiau/bihun/dsb.,Variasi makanan,4,4,4,4,4,4,4,4,4,4
27/05/2025 16:04,B27,Beberapa kali dalam satu minggu,2,Siang,3,Rp 21.000 - Rp 25.000,Makanan berbasis nasi,Lokasi,5,5,5,5,5,5,5,5,5,5
27/05/2025 16:05,B27,Beberapa kali dalam satu minggu,4,Siang,2,Rp 21.000 - Rp 25.000,Makanan berbasis mie/kwetiau/bihun/dsb.,Variasi makanan,3,4,3,4,4,4,4,4,4,4
27/05/2025 16:06,B27,Beberapa kali dalam satu minggu,3,Siang,3,Rp 21.000 - Rp 25.000,Makanan cepat saji,Variasi makanan,3,3,3,3,3,3,3,3,3,3
27/05/2025 16:06,B27,Beberapa kali dalam satu minggu,4,Siang,5,Rp 26.000 - Rp 30.000,Makanan cepat saji,Variasi makanan,4,4,4,4,4,4,3,4,4,4
27/05/2025 16:07,B27,Beberapa kali dalam satu minggu,4,Siang,4,> Rp 30.000,Makanan cepat saji,Variasi makanan,4,4,4,4,4,4,4,4,4,4
27/05/2025 16:07,B27,Sehari sekali,2,Siang,1,Rp 26.000 - Rp 30.000,Makanan berbasis nasi,Variasi makanan,4,4,4,4,4,4,4,4,3,4
27/05/2025 16:08,B27,Beberapa kali dalam satu minggu,1,Siang,4,Rp 26.000 - Rp 30.000,Makanan berbasis nasi,Variasi makanan,4,4,4,4,4,4,4,4,2,4
27/05/2025 16:08,B27,Sehari sekali,1,Siang,1,> Rp 30.000,Makanan berbasis mie/kwetiau/bihun/dsb.,Rasa makanan,4,4,4,4,4,4,4,4,2,3
27/05/2025 16:09,B27,Beberapa kali dalam satu minggu,3,Siang,1,> Rp 30.000,Makanan berbasis mie/kwetiau/bihun/dsb.,Rasa makanan,4,4,4,4,4,4,4,4,4,4
27/05/2025 16:10,B27,Beberapa kali dalam satu minggu,4,Siang,5,> Rp 30.000,Makanan berbasis mie/kwetiau/bihun/dsb.,Rasa makanan,4,4,4,4,4,4,4,4,2,3
27/05/2025 16:10,B27,Jarang atau tidak pernah,1,Sore,3,Rp 16.000 - Rp 20.000,Cemilan ringan,Variasi makanan,4,4,4,4,4,4,4,3,4,4
27/05/2025 16:10,B27,Beberapa kali dalam satu minggu,2,Sore,5,Rp 21.000 - Rp 25.000,Cemilan ringan,Rasa makanan,3,3,3,4,3,3,4,4,3,2
27/05/2025 16:11,B27,Jarang atau tidak pernah,0,Pagi,2,Rp 26.000 - Rp 30.000,Makanan berbasis mie/kwetiau/bihun/dsb.,Fasilitas,4,3,4,3,4,3,4,4,4,4
27/05/2025 16:12,B27,Sehari sekali,2,Siang,1,Rp 26.000 - Rp 30.000,Makanan cepat saji,Variasi makanan,3,3,3,3,3,3,3,3,3,3
27/05/2025 16:12,B27,Sehari sekali,3,Sore,1,Rp 26.000 - Rp 30.000,Cemilan ringan,Rasa makanan,4,4,4,4,4,4,4,4,2,4
27/05/2025 16:13,B28,Sehari sekali,2,Pagi,1,Rp 26.000 - Rp 30.000,Makanan berbasis nasi,Variasi makanan,5,5,5,5,5,5,5,5,5,5
27/05/2025 16:13,B27,Beberapa kali dalam satu minggu,2,Siang,2,> Rp 30.000,Makanan berbasis mie/kwetiau/bihun/dsb.,Rasa makanan,4,4,4,4,5,4,4,4,1,4
27/05/2025 16:13,B27,Sehari sekali,1,Siang,2,Rp 26.000 - Rp 30.000,Makanan berbasis mie/kwetiau/bihun/dsb.,Rasa makanan,4,4,4,4,4,4,4,4,1,4
27/05/2025 16:14,B27,Beberapa kali dalam satu minggu,2,Sore,1,> Rp 30.000,Minuman,Variasi makanan,4,4,4,4,4,4,4,4,1,3
27/05/2025 16:15,B27,Sehari sekali,2,Sore,3,Rp 26.000 - Rp 30.000,Makanan berbasis nasi,Variasi makanan,4,4,4,4,4,4,4,4,1,2
27/05/2025 16:15,B27,Sehari sekali,3,Siang,1,Rp 26.000 - Rp 30.000,Makanan cepat saji,Rasa makanan,4,4,4,4,4,4,4,4,1,3
27/05/2025 16:18,B27,Sehari sekali,4,Siang,4,Rp 26.000 - Rp 30.000,Makanan cepat saji,Rasa makanan,3,4,4,4,4,3,3,4,1,2
27/05/2025 16:18,B27,Sehari sekali,3,Siang,2,> Rp 30.000,Makanan cepat saji,Rasa makanan,4,4,4,4,4,4,4,4,1,2
27/05/2025 16:19,B27,Sehari sekali,3,Sore,3,Rp 26.000 - Rp 30.000,Makanan berbasis mie/kwetiau/bihun/dsb.,Variasi makanan,5,5,5,5,5,5,5,5,5,5
27/05/2025 16:20,B27,Beberapa kali dalam satu minggu,2,Siang,3,> Rp 30.000,Makanan berbasis nasi,Rasa makanan,5,5,5,5,5,5,5,5,5,5
27/05/2025 16:59,B27,Beberapa kali dalam satu minggu,2,Siang,7,Rp 21.000 - Rp 25.000,Makanan berbasis nasi,Lokasi,4,3,5,2,3,4,5,5,3,5
27/05/2025 19:11,B27,Beberapa kali dalam sehari,3,Siang,5,Rp 26.000 - Rp 30.000,Makanan berbasis nasi,Rasa makanan,4,3,4,3,4,3,3,3,3,3
27/05/2025 19:14,B27,Sehari sekali,2,Siang,3,Rp 26.000 - Rp 30.000,Makanan berbasis nasi,Lokasi,4,3,4,2,3,4,3,4,3,1
27/05/2025 21:07,B27,Beberapa kali dalam satu minggu,3,Pagi,3,Rp 21.000 - Rp 25.000,Makanan berbasis nasi,Lokasi,3,3,3,4,3,4,4,3,4,3
27/05/2025 21:07,B27,Sehari sekali,3,Siang,3,Rp 26.000 - Rp 30.000,Makanan cepat saji,Fasilitas,4,3,5,3,4,4,3,4,3,1
27/05/2025 22:32,B27,Beberapa kali dalam sehari,5,Pagi,4,Rp 26.000 - Rp 30.000,Makanan berbasis nasi,Variasi makanan,4,3,4,4,4,3,4,4,4,4
28/05/2025 00:29,B27,Beberapa kali dalam satu minggu,1,Siang,3,Rp 26.000 - Rp 30.000,Makanan berbasis nasi,Variasi makanan,4,4,4,4,4,4,4,4,2,2
28/05/2025 00:31,B27,Beberapa kali dalam sehari,3,Siang,4,Rp 26.000 - Rp 30.000,Makanan berbasis nasi,Lokasi,3,3,2,2,2,3,3,2,3,2
28/05/2025 00:32,B27,Beberapa kali dalam satu minggu,3,Siang,3,Rp 21.000 - Rp 25.000,Makanan berbasis mie/kwetiau/bihun/dsb.,Variasi makanan,3,2,2,3,3,2,2,3,3,2
28/05/2025 00:51,B27,Beberapa kali dalam satu minggu,4,Siang,1,Rp 26.000 - Rp 30.000,Makanan berbasis nasi,Variasi makanan,4,4,4,4,4,4,4,3,2,2
28/05/2025 01:02,B27,Beberapa kali dalam satu minggu,2,Siang,3,Rp 26.000 - Rp 30.000,Makanan cepat saji,Variasi makanan,4,4,4,4,4,4,4,4,3,2
28/05/2025 01:04,B27,Beberapa kali dalam satu minggu,3,Sore,3,Rp 26.000 - Rp 30.000,Makanan berbasis mie/kwetiau/bihun/dsb.,Lokasi,3,3,3,3,4,4,4,4,3,2
28/05/2025 01:12,B27,Sehari sekali,5,Siang,5,> Rp 30.000,Cemilan ringan,Variasi makanan,4,4,4,4,4,4,4,4,3,3
28/05/2025 07:02,B27,Beberapa kali dalam satu minggu,4,Siang,3,Rp 26.000 - Rp 30.000,Makanan berbasis nasi,Lokasi,5,5,5,4,4,4,5,3,1,4
28/05/2025 11:09,B27,Sehari sekali,5,Siang,3,Rp 26.000 - Rp 30.000,Makanan berbasis nasi,Variasi makanan,4,4,4,4,5,5,5,5,3,3
28/05/2025 11:09,B27,Beberapa kali dalam satu minggu,3,Siang,2,Rp 26.000 - Rp 30.000,Makanan berbasis mie/kwetiau/bihun/dsb.,Lokasi,4,4,4,4,4,4,4,4,4,4
28/05/2025 15:42,B27,Beberapa kali dalam satu minggu,3,Siang,3,Rp 26.000 - Rp 30.000,Makanan berbasis nasi,Variasi makanan,4,4,4,4,4,4,4,4,2,2
28/05/2025 15:45,B27,Sehari sekali,5,Siang,1,> Rp 30.000,Makanan berbasis nasi,Lokasi,4,4,4,4,4,4,4,4,2,2
28/05/2025 15:47,B27,Beberapa kali dalam sehari,5,Siang,2,> Rp 30.000,Makanan berbasis mie/kwetiau/bihun/dsb.,Variasi makanan,4,4,4,4,4,4,4,4,2,2
28/05/2025 15:48,B27,Beberapa kali dalam satu minggu,5,Pagi,3,> Rp 30.000,Makanan berbasis nasi,Rasa makanan,4,4,4,4,4,4,4,4,2,2
28/05/2025 15:49,B27,Beberapa kali dalam satu minggu,3,Pagi,2,> Rp 30.000,Makanan cepat saji,Variasi makanan,4,4,4,4,4,4,4,4,2,2
28/05/2025 15:50,B27,Sehari sekali,4,Pagi,3,Rp 26.000 - Rp 30.000,Makanan berbasis nasi,Lokasi,5,5,5,5,5,5,5,5,5,5
28/05/2025 15:50,B27,Beberapa kali dalam satu minggu,5,Sore,3,Rp 21.000 - Rp 25.000,Makanan berbasis mie/kwetiau/bihun/dsb.,Fasilitas,4,4,4,4,4,4,4,4,4,4
28/05/2025 15:53,B27,Sehari sekali,5,Siang,3,Rp 26.000 - Rp 30.000,Makanan berbasis mie/kwetiau/bihun/dsb.,Variasi makanan,4,4,4,4,4,4,4,4,4,4
28/05/2025 15:57,B27,Sehari sekali,5,Siang,5,Rp 26.000 - Rp 30.000,Makanan berbasis mie/kwetiau/bihun/dsb.,Variasi makanan,3,3,4,4,4,4,4,4,2,2
28/05/2025 15:58,B27,Sehari sekali,5,Sore,5,> Rp 30.000,Makanan berbasis mie/kwetiau/bihun/dsb.,Variasi makanan,4,4,4,4,4,4,4,4,4,4
28/05/2025 15:59,B27,Beberapa kali dalam satu minggu,5,Sore,5,> Rp 30.000,Makanan berbasis mie/kwetiau/bihun/dsb.,Lokasi,5,5,5,5,5,5,5,5,5,5
28/05/2025 16:00,B27,Beberapa kali dalam satu minggu,5,Siang,3,> Rp 30.000,Makanan berbasis mie/kwetiau/bihun/dsb.,Variasi makanan,4,4,4,4,4,4,4,4,3,3
28/05/2025 16:02,B27,Sehari sekali,5,Siang,5,> Rp 30.000,Makanan berbasis mie/kwetiau/bihun/dsb.,Variasi makanan,4,4,4,4,4,4,4,4,2,2
28/05/2025 16:04,B27,Sehari sekali,5,Siang,5,Rp 26.000 - Rp 30.000,Makanan cepat saji,Variasi makanan,5,5,5,5,5,5,5,5,5,5
28/05/2025 16:04,B27,Sehari sekali,5,Sore,5,> Rp 30.000,Makanan berbasis mie/kwetiau/bihun/dsb.,Lokasi,4,4,4,4,4,4,4,4,4,4
28/05/2025 16:05,B27,Beberapa kali dalam satu minggu,5,Siang,5,> Rp 30.000,Makanan berbasis nasi,Fasilitas,5,5,5,5,5,5,5,5,5,5
28/05/2025 16:05,B27,Sehari sekali,5,Siang,5,Rp 26.000 - Rp 30.000,Makanan cepat saji,Fasilitas,4,4,4,4,4,4,4,4,4,4
28/05/2025 16:06,B27,Beberapa kali dalam satu minggu,5,Siang,5,Rp 21.000 - Rp 25.000,Makanan cepat saji,Variasi makanan,5,5,5,5,5,5,5,5,5,5
28/05/2025 16:07,B27,Beberapa kali dalam satu minggu,3,Sore,5,Rp 26.000 - Rp 30.000,Makanan cepat saji,Fasilitas,4,4,4,4,4,4,4,4,3,3
28/05/2025 16:20,B27,Beberapa kali dalam satu minggu,3,Siang,5,Rp 21.000 - Rp 25.000,Makanan cepat saji,Variasi makanan,3,4,5,4,4,3,4,4,4,5
28/05/2025 16:24,B27,Jarang atau tidak pernah,1,Pagi,5,> Rp 30.000,Makanan berbasis mie/kwetiau/bihun/dsb.,Variasi makanan,4,4,4,4,4,4,4,4,4,4
28/05/2025 16:43,B27,Sehari sekali,5,Sore,3,> Rp 30.000,Makanan berbasis nasi,Variasi makanan,4,4,4,4,4,4,4,4,4,4
28/05/2025 16:45,B27,Beberapa kali dalam satu minggu,5,Sore,5,≤ Rp 15.000,Minuman,Rasa makanan,4,4,4,4,4,4,4,4,4,4
28/05/2025 16:48,B27,Beberapa kali dalam satu minggu,5,Sore,5,Rp 26.000 - Rp 30.000,Makanan berbasis mie/kwetiau/bihun/dsb.,Variasi makanan,4,4,4,4,4,4,4,4,4,4
28/05/2025 16:48,B27,Beberapa kali dalam satu minggu,5,Sore,5,> Rp 30.000,Makanan berbasis nasi,Lokasi,2,4,4,4,4,4,4,4,2,2
28/05/2025 16:49,B27,Beberapa kali dalam satu minggu,3,Siang,5,> Rp 30.000,Makanan berbasis mie/kwetiau/bihun/dsb.,Variasi makanan,5,5,5,5,5,5,5,5,5,5
28/05/2025 17:21,B27,Sehari sekali,5,Siang,5,> Rp 30.000,Makanan cepat saji,Variasi makanan,4,4,4,4,4,4,4,4,4,4
28/05/2025 17:21,B27,Sehari sekali,5,Pagi,5,> Rp 30.000,Makanan cepat saji,Rasa makanan,4,4,4,4,4,4,4,4,4,4
28/05/2025 17:25,B27,Beberapa kali dalam satu minggu,5,Siang,3,Rp 26.000 - Rp 30.000,Makanan berbasis mie/kwetiau/bihun/dsb.,Rasa makanan,4,4,4,4,4,4,4,4,4,4
28/05/2025 17:25,B27,Sehari sekali,5,Siang,5,> Rp 30.000,Makanan berbasis mie/kwetiau/bihun/dsb.,Rasa makanan,4,4,4,4,4,4,4,4,4,4
28/05/2025 17:26,B27,Sehari sekali,5,Siang,3,> Rp 30.000,Makanan berbasis nasi,Lokasi,4,4,4,5,5,5,5,5,5,5
28/05/2025 17:27,B27,Jarang atau tidak pernah,5,Siang,1,> Rp 30.000,Makanan berbasis mie/kwetiau/bihun/dsb.,Rasa makanan,5,5,5,5,5,5,5,5,3,3
28/05/2025 17:28,B27,Sehari sekali,5,Siang,2,> Rp 30.000,Makanan berbasis mie/kwetiau/bihun/dsb.,Lokasi,4,4,4,4,4,4,4,4,2,2
28/05/2025 17:28,B27,Beberapa kali dalam satu minggu,3,Siang,3,> Rp 30.000,Makanan berbasis nasi,Fasilitas,4,4,4,4,4,4,4,4,2,2
28/05/2025 17:31,B27,Jarang atau tidak pernah,1,Siang,1,> Rp 30.000,Makanan berbasis nasi,Fasilitas,4,4,4,4,4,4,4,4,4,4
28/05/2025 17:31,B27,Sehari sekali,5,Siang,5,> Rp 30.000,Makanan berbasis mie/kwetiau/bihun/dsb.,Fasilitas,4,4,4,4,4,4,4,4,4,4
28/05/2025 17:37,B27,Sehari sekali,5,Siang,3,> Rp 30.000,Makanan berbasis mie/kwetiau/bihun/dsb.,Rasa makanan,4,4,4,4,4,4,4,4,2,2
28/05/2025 17:41,B27,Jarang atau tidak pernah,1,Siang,2,Rp 21.000 - Rp 25.000,Makanan berbasis mie/kwetiau/bihun/dsb.,Rasa makanan,4,4,4,4,4,4,4,4,2,2
28/05/2025 17:42,B27,Sehari sekali,5,Siang,5,> Rp 30.000,Makanan cepat saji,Variasi makanan,5,5,5,5,5,5,5,5,2,3
28/05/2025 17:45,B27,Beberapa kali dalam satu minggu,3,Pagi,10,> Rp 30.000,Makanan berbasis nasi,Variasi makanan,5,5,5,5,5,5,5,5,5,5
28/05/2025 17:46,B25,Beberapa kali dalam satu minggu,5,Sore,1,Rp 16.000 - Rp 20.000,Makanan berbasis nasi,Variasi makanan,5,5,5,5,5,5,5,5,5,5
28/05/2025 17:46,B26,Sehari sekali,3,Pagi,3,> Rp 30.000,Cemilan ringan,Lokasi,5,5,5,5,5,5,5,5,5,5
28/05/2025 17:47,B28,Jarang atau tidak pernah,3,Sore,2,Rp 21.000 - Rp 25.000,Makanan berbasis nasi,Rasa makanan,5,5,5,5,5,5,5,5,5,5
28/05/2025 17:51,B27,Sehari sekali,4,Siang,6,> Rp 30.000,Makanan cepat saji,Rasa makanan,4,4,3,4,5,3,4,5,3,4
28/05/2025 17:52,B27,Beberapa kali dalam satu minggu,3,Pagi,2,Rp 16.000 - Rp 20.000,Makanan berbasis mie/kwetiau/bihun/dsb.,Fasilitas,4,3,5,5,5,5,5,5,5,5
28/05/2025 17:53,B27,Beberapa kali dalam satu minggu,4,Sore,5,> Rp 30.000,Makanan berbasis mie/kwetiau/bihun/dsb.,Lokasi,3,3,3,3,4,4,4,4,4,4
28/05/2025 17:54,B27,Sehari sekali,3,Pagi,3,> Rp 30.000,Cemilan ringan,Fasilitas,4,4,4,4,4,4,4,4,4,4
29/05/2025 03:10,B27,Beberapa kali dalam sehari,6,Siang,4,> Rp 30.000,Makanan berbasis nasi,Lokasi,3,3,3,2,2,3,3,3,2,2
29/05/2025 03:11,B27,Beberapa kali dalam satu minggu,8,Siang,2,Rp 21.000 - Rp 25.000,Makanan berbasis nasi,Lokasi,4,4,3,2,2,3,4,3,3,2
